{
  "core/validateConfig - valid config object": {
    "mean": 0.001870852993998485,
    "p99": 0.0033650000000307045
  },
  "core/validateConfig - invalid config object": {
    "mean": 0.011135958218262517,
    "p99": 0.018685999999888736
  },
  "core/validateCommitMessage - valid conventional commit": {
    "mean": 0.00046670327765537065,
    "p99": 0.0006710000000111904
  },
  "core/validateCommitMessage - invalid commit message": {
    "mean": 0.0005456414296674698,
    "p99": 0.0008960000000115542
  },
  "graph/GraphStore - addNode - single node": {
    "mean": 0.0011370824975780632,
    "p99": 0.0023229999999330175
  },
  "graph/GraphStore - findNodes - by type": {
    "mean": 0.0011453003433607326,
    "p99": 0.0015889999999672
  },
  "graph/ContextQL - execute - depth 2 from module root": {
    "mean": 0.010924986278322668,
    "p99": 0.019386999999824184
  },
  "graph/groupNodesByImpact - categorize ~85 nodes": {
    "mean": 0.004986918055513513,
    "p99": 0.006810999999743217
  }
}
