{
  "core/validateConfig - valid config object": {
    "mean": 0.0016703110748097568,
    "p99": 0.0037450000000944783
  },
  "core/validateConfig - invalid config object": {
    "mean": 0.010237361228899452,
    "p99": 0.018347000000176195
  },
  "core/validateCommitMessage - valid conventional commit": {
    "mean": 0.00037863467912637464,
    "p99": 0.0005700000001525041
  },
  "core/validateCommitMessage - invalid commit message": {
    "mean": 0.0005504196579934003,
    "p99": 0.0007009999999354477
  },
  "graph/GraphStore - addNode - single node": {
    "mean": 0.0011407129331565326,
    "p99": 0.003084999999998672
  },
  "graph/GraphStore - findNodes - by type": {
    "mean": 0.0014379471698330423,
    "p99": 0.003956000000016502
  },
  "graph/ContextQL - execute - depth 2 from module root": {
    "mean": 0.010752821268816699,
    "p99": 0.020960999999715568
  },
  "graph/groupNodesByImpact - categorize ~85 nodes": {
    "mean": 0.005592915827740885,
    "p99": 0.008592000000135158
  }
}
