{
  "core/validateConfig - valid config object": {
    "mean": 0.0017171893801543252,
    "p99": 0.0038160000000289074
  },
  "core/validateConfig - invalid config object": {
    "mean": 0.011584325865344131,
    "p99": 0.0317569999999705
  },
  "core/validateCommitMessage - valid conventional commit": {
    "mean": 0.00037713463470501185,
    "p99": 0.0005110000001877779
  },
  "core/validateCommitMessage - invalid commit message": {
    "mean": 0.0005615320769252456,
    "p99": 0.0007009999999354477
  },
  "graph/GraphStore - addNode - single node": {
    "mean": 0.0011931596302165836,
    "p99": 0.0030549999999038846
  },
  "graph/GraphStore - findNodes - by type": {
    "mean": 0.0013938130510775886,
    "p99": 0.0021229999999832216
  },
  "graph/ContextQL - execute - depth 2 from module root": {
    "mean": 0.011058414818090567,
    "p99": 0.02149299999973664
  },
  "graph/groupNodesByImpact - categorize ~85 nodes": {
    "mean": 0.005598899870107047,
    "p99": 0.00818200000003344
  }
}
