{
  "core/validateConfig - valid config object": {
    "mean": 0.0016674574598643439,
    "p99": 0.003376000000002932
  },
  "core/validateConfig - invalid config object": {
    "mean": 0.009977683109833758,
    "p99": 0.02083900000002359
  },
  "core/validateCommitMessage - valid conventional commit": {
    "mean": 0.0004398269897103907,
    "p99": 0.00048100000003614696
  },
  "core/validateCommitMessage - invalid commit message": {
    "mean": 0.0005580075107749734,
    "p99": 0.0006320000002233428
  },
  "graph/GraphStore - addNode - single node": {
    "mean": 0.001087721212938656,
    "p99": 0.002555000000029395
  },
  "graph/GraphStore - findNodes - by type": {
    "mean": 0.0011490799874060416,
    "p99": 0.0015430000000833388
  },
  "graph/ContextQL - execute - depth 2 from module root": {
    "mean": 0.01157579149882003,
    "p99": 0.02230199999985416
  },
  "graph/groupNodesByImpact - categorize ~85 nodes": {
    "mean": 0.00487652470911678,
    "p99": 0.008346000000074127
  }
}
