{
  "core/validateConfig - valid config object": {
    "mean": 0.0012695201269518905,
    "p99": 0.0028949999999667853
  },
  "core/validateConfig - invalid config object": {
    "mean": 0.0076653939977387705,
    "p99": 0.012639000000035594
  },
  "core/validateCommitMessage - valid conventional commit": {
    "mean": 0.00029604431011937384,
    "p99": 0.00040100000001075387
  },
  "core/validateCommitMessage - invalid commit message": {
    "mean": 0.0004121208345934498,
    "p99": 0.0005009999999856518
  },
  "graph/GraphStore - addNode - single node": {
    "mean": 0.0008952059420156999,
    "p99": 0.002392999999983658
  },
  "graph/GraphStore - findNodes - by type": {
    "mean": 0.001025392373964026,
    "p99": 0.0016519999999218271
  },
  "graph/ContextQL - execute - depth 2 from module root": {
    "mean": 0.008236471814977457,
    "p99": 0.012920000000121945
  },
  "graph/groupNodesByImpact - categorize ~85 nodes": {
    "mean": 0.0041470083271824614,
    "p99": 0.00563800000008996
  }
}
