{
  "core/validateConfig - valid config object": {
    "mean": 0.0016975450443568465,
    "p99": 0.0033359999999902357
  },
  "core/validateConfig - invalid config object": {
    "mean": 0.009946617458076146,
    "p99": 0.02052899999989677
  },
  "core/validateCommitMessage - valid conventional commit": {
    "mean": 0.0004395204904344025,
    "p99": 0.0004899999998997373
  },
  "core/validateCommitMessage - invalid commit message": {
    "mean": 0.0005541542687601799,
    "p99": 0.0006409999996321858
  },
  "graph/GraphStore - addNode - single node": {
    "mean": 0.0009313614287044869,
    "p99": 0.0023850000000038563
  },
  "graph/GraphStore - findNodes - by type": {
    "mean": 0.001158533315878168,
    "p99": 0.001471999999921536
  },
  "graph/ContextQL - execute - depth 2 from module root": {
    "mean": 0.011439320414559962,
    "p99": 0.02194099999996979
  },
  "graph/groupNodesByImpact - categorize ~85 nodes": {
    "mean": 0.004897132496252832,
    "p99": 0.006941999999980908
  }
}
