{
  "core/validateConfig - valid config object": {
    "mean": 0.0019411916691902567,
    "p99": 0.005608000000052016
  },
  "core/validateConfig - invalid config object": {
    "mean": 0.010362001653165783,
    "p99": 0.018125999999938358
  },
  "core/validateCommitMessage - valid conventional commit": {
    "mean": 0.00043787553475553906,
    "p99": 0.0007509999995818362
  },
  "core/validateCommitMessage - invalid commit message": {
    "mean": 0.0005570485824230334,
    "p99": 0.0007409999998344574
  },
  "graph/GraphStore - addNode - single node": {
    "mean": 0.001226479807144071,
    "p99": 0.0030849999999418287
  },
  "graph/GraphStore - findNodes - by type": {
    "mean": 0.0014346387840006775,
    "p99": 0.002352999999857275
  },
  "graph/ContextQL - execute - depth 2 from module root": {
    "mean": 0.012244135052406378,
    "p99": 0.02359500000011394
  },
  "graph/groupNodesByImpact - categorize ~85 nodes": {
    "mean": 0.005871224536766142,
    "p99": 0.009144000000105734
  }
}
