{
  "core/validateConfig - valid config object": {
    "mean": 0.0016537161270051709,
    "p99": 0.0032350000000178625
  },
  "core/validateConfig - invalid config object": {
    "mean": 0.01048729144031691,
    "p99": 0.021189999999933207
  },
  "core/validateCommitMessage - valid conventional commit": {
    "mean": 0.0004322362723953393,
    "p99": 0.00047100000006139453
  },
  "core/validateCommitMessage - invalid commit message": {
    "mean": 0.0005548396892009662,
    "p99": 0.0006019999996169645
  },
  "graph/GraphStore - addNode - single node": {
    "mean": 0.0010628100694865946,
    "p99": 0.0024650000000292493
  },
  "graph/GraphStore - findNodes - by type": {
    "mean": 0.001174709025039963,
    "p99": 0.0017430000000331347
  },
  "graph/ContextQL - execute - depth 2 from module root": {
    "mean": 0.012136217723731206,
    "p99": 0.022792000000208645
  },
  "graph/groupNodesByImpact - categorize ~85 nodes": {
    "mean": 0.004909253404550334,
    "p99": 0.007884999999987485
  }
}
