{
  "core/validateConfig - valid config object": {
    "mean": 0.001654121412219233,
    "p99": 0.00336600000002818
  },
  "core/validateConfig - invalid config object": {
    "mean": 0.01101609823854168,
    "p99": 0.021320000000059736
  },
  "core/validateCommitMessage - valid conventional commit": {
    "mean": 0.0004372394854918235,
    "p99": 0.0006320000002233428
  },
  "core/validateCommitMessage - invalid commit message": {
    "mean": 0.0005598771048562026,
    "p99": 0.0006210000001374283
  },
  "graph/GraphStore - addNode - single node": {
    "mean": 0.0012566125570501036,
    "p99": 0.002934999999979482
  },
  "graph/GraphStore - findNodes - by type": {
    "mean": 0.0012801315637222775,
    "p99": 0.0019230000000334257
  },
  "graph/ContextQL - execute - depth 2 from module root": {
    "mean": 0.01214430192849554,
    "p99": 0.02336399999967398
  },
  "graph/groupNodesByImpact - categorize ~85 nodes": {
    "mean": 0.005116063326240031,
    "p99": 0.006331999999929394
  }
}
