{
  "core/validateConfig - valid config object": {
    "mean": 0.0016562523659514933,
    "p99": 0.003376000000002932
  },
  "core/validateConfig - invalid config object": {
    "mean": 0.010806459378850686,
    "p99": 0.021600000000034925
  },
  "core/validateCommitMessage - valid conventional commit": {
    "mean": 0.00045401116412948413,
    "p99": 0.0005109999997330306
  },
  "core/validateCommitMessage - invalid commit message": {
    "mean": 0.0005674414520132388,
    "p99": 0.0006300000000010186
  },
  "graph/GraphStore - addNode - single node": {
    "mean": 0.0011461483688027692,
    "p99": 0.0026340000000573127
  },
  "graph/GraphStore - findNodes - by type": {
    "mean": 0.001191575504095594,
    "p99": 0.0016930000001593726
  },
  "graph/ContextQL - execute - depth 2 from module root": {
    "mean": 0.010863666905660613,
    "p99": 0.02180099999986851
  },
  "graph/groupNodesByImpact - categorize ~85 nodes": {
    "mean": 0.0049870637043682355,
    "p99": 0.005910999999741762
  }
}
