{
  "core/validateConfig - valid config object": {
    "mean": 0.001687157114561116,
    "p99": 0.003425999999990381
  },
  "core/validateConfig - invalid config object": {
    "mean": 0.01080551567869018,
    "p99": 0.02256200000010722
  },
  "core/validateCommitMessage - valid conventional commit": {
    "mean": 0.00044737758103134055,
    "p99": 0.0005009999999856518
  },
  "core/validateCommitMessage - invalid commit message": {
    "mean": 0.0005489614749929206,
    "p99": 0.0006220000000212167
  },
  "graph/GraphStore - addNode - single node": {
    "mean": 0.0011163194723834773,
    "p99": 0.0025749999999788997
  },
  "graph/GraphStore - findNodes - by type": {
    "mean": 0.0011626297935171197,
    "p99": 0.0016430000000582368
  },
  "graph/ContextQL - execute - depth 2 from module root": {
    "mean": 0.010637887217565097,
    "p99": 0.021158999999897787
  },
  "graph/groupNodesByImpact - categorize ~85 nodes": {
    "mean": 0.004905144662233502,
    "p99": 0.0067229999999653955
  }
}
