{
  "core/validateConfig - valid config object": {
    "mean": 0.0016094985643285056,
    "p99": 0.00324599999999009
  },
  "core/validateConfig - invalid config object": {
    "mean": 0.009853031253695216,
    "p99": 0.02063799999996263
  },
  "core/validateCommitMessage - valid conventional commit": {
    "mean": 0.00043126805287676,
    "p99": 0.0004710000002887682
  },
  "core/validateCommitMessage - invalid commit message": {
    "mean": 0.0005473491593814552,
    "p99": 0.0006009999997331761
  },
  "graph/GraphStore - addNode - single node": {
    "mean": 0.0009926251489352656,
    "p99": 0.0024440000000822693
  },
  "graph/GraphStore - findNodes - by type": {
    "mean": 0.0011486059346077617,
    "p99": 0.0016129999999066058
  },
  "graph/ContextQL - execute - depth 2 from module root": {
    "mean": 0.011143745369854373,
    "p99": 0.02164000000038868
  },
  "graph/groupNodesByImpact - categorize ~85 nodes": {
    "mean": 0.004702227003845866,
    "p99": 0.007353999999850203
  }
}
