{
  "core/validateConfig - valid config object": {
    "mean": 0.0005028909833724721,
    "p99": 0.0007500000000391083
  },
  "core/validateConfig - invalid config object": {
    "mean": 0.0032864412748697435,
    "p99": 0.004124999999930878
  },
  "core/validateCommitMessage - valid conventional commit": {
    "mean": 0.00011127292550039324,
    "p99": 0.00016700000014679972
  },
  "core/validateCommitMessage - invalid commit message": {
    "mean": 0.00017513259672567778,
    "p99": 0.0002500000000509317
  },
  "graph/GraphStore - addNode - single node": {
    "mean": 0.0005728796712588586,
    "p99": 0.001125000000001819
  },
  "graph/GraphStore - findNodes - by type": {
    "mean": 0.0005547803470261022,
    "p99": 0.0014160000000629225
  },
  "graph/ContextQL - execute - depth 2 from module root": {
    "mean": 0.004484932721026558,
    "p99": 0.005834000000049855
  },
  "graph/groupNodesByImpact - categorize ~85 nodes": {
    "mean": 0.002158869686488882,
    "p99": 0.0028330000000096334
  }
}
