{
  "core/validateConfig - valid config object": {
    "mean": 0.0016274954446473414,
    "p99": 0.0032759999999143474
  },
  "core/validateConfig - invalid config object": {
    "mean": 0.010812057368364415,
    "p99": 0.021590000000060172
  },
  "core/validateCommitMessage - valid conventional commit": {
    "mean": 0.000442888753463284,
    "p99": 0.0005009999999856518
  },
  "core/validateCommitMessage - invalid commit message": {
    "mean": 0.0005551577558306201,
    "p99": 0.0006410000000869331
  },
  "graph/GraphStore - addNode - single node": {
    "mean": 0.0011297563271144653,
    "p99": 0.0025650000000041473
  },
  "graph/GraphStore - findNodes - by type": {
    "mean": 0.001169258141536098,
    "p99": 0.0016329999998561107
  },
  "graph/ContextQL - execute - depth 2 from module root": {
    "mean": 0.011184972328479748,
    "p99": 0.022001000000273052
  },
  "graph/groupNodesByImpact - categorize ~85 nodes": {
    "mean": 0.004884834434045564,
    "p99": 0.00642199999992954
  }
}
