{
  "core/validateConfig - valid config object": {
    "mean": 0.001626849233592465,
    "p99": 0.0032570000000760047
  },
  "core/validateConfig - invalid config object": {
    "mean": 0.01019834632034629,
    "p99": 0.020688999999947555
  },
  "core/validateCommitMessage - valid conventional commit": {
    "mean": 0.00045848500892690464,
    "p99": 0.0006619999999202264
  },
  "core/validateCommitMessage - invalid commit message": {
    "mean": 0.0005501917405300185,
    "p99": 0.0006119999998190906
  },
  "graph/GraphStore - addNode - single node": {
    "mean": 0.0010185034808175418,
    "p99": 0.00243399999999383
  },
  "graph/GraphStore - findNodes - by type": {
    "mean": 0.0011501510859715906,
    "p99": 0.001592999999957101
  },
  "graph/ContextQL - execute - depth 2 from module root": {
    "mean": 0.011148897542812215,
    "p99": 0.021860999999717023
  },
  "graph/groupNodesByImpact - categorize ~85 nodes": {
    "mean": 0.00477853831891816,
    "p99": 0.006982999999763706
  }
}
