{
  "core/validateConfig - valid config object": {
    "mean": 0.0018679543472818571,
    "p99": 0.0032270000000380605
  },
  "core/validateConfig - invalid config object": {
    "mean": 0.010822711130741954,
    "p99": 0.017722999999932654
  },
  "core/validateCommitMessage - valid conventional commit": {
    "mean": 0.00047545926313324833,
    "p99": 0.0007150000001274748
  },
  "core/validateCommitMessage - invalid commit message": {
    "mean": 0.000632500810233107,
    "p99": 0.0009979999999814027
  },
  "graph/GraphStore - addNode - single node": {
    "mean": 0.0010682514341264608,
    "p99": 0.002334000000018932
  },
  "graph/GraphStore - findNodes - by type": {
    "mean": 0.0011823650744499166,
    "p99": 0.0016700000001037552
  },
  "graph/ContextQL - execute - depth 2 from module root": {
    "mean": 0.010644694030488936,
    "p99": 0.018555000000105792
  },
  "graph/groupNodesByImpact - categorize ~85 nodes": {
    "mean": 0.005433435467220118,
    "p99": 0.01029900000003181
  }
}
