{
  "core/validateConfig - valid config object": {
    "mean": 0.0016637099030391755,
    "p99": 0.0032559999999648426
  },
  "core/validateConfig - invalid config object": {
    "mean": 0.010376813697209141,
    "p99": 0.021389999999883003
  },
  "core/validateCommitMessage - valid conventional commit": {
    "mean": 0.0004458993043976252,
    "p99": 0.00048100000003614696
  },
  "core/validateCommitMessage - invalid commit message": {
    "mean": 0.000559965828659317,
    "p99": 0.0006120000002738379
  },
  "graph/GraphStore - addNode - single node": {
    "mean": 0.0011087690924291428,
    "p99": 0.002655000000004293
  },
  "graph/GraphStore - findNodes - by type": {
    "mean": 0.0011673083233721478,
    "p99": 0.0016739999998662825
  },
  "graph/ContextQL - execute - depth 2 from module root": {
    "mean": 0.01185646526130907,
    "p99": 0.02242199999955119
  },
  "graph/groupNodesByImpact - categorize ~85 nodes": {
    "mean": 0.005073594429223911,
    "p99": 0.009197000000312983
  }
}
