{
  "core/validateConfig - valid config object": {
    "mean": 0.001707466024887875,
    "p99": 0.0034160000000156288
  },
  "core/validateConfig - invalid config object": {
    "mean": 0.010237218869005818,
    "p99": 0.02080900000009933
  },
  "core/validateCommitMessage - valid conventional commit": {
    "mean": 0.00043582527071273395,
    "p99": 0.00048100000003614696
  },
  "core/validateCommitMessage - invalid commit message": {
    "mean": 0.0005643674583609245,
    "p99": 0.0007019999998192361
  },
  "graph/GraphStore - addNode - single node": {
    "mean": 0.0010122908590286133,
    "p99": 0.002484999999978754
  },
  "graph/GraphStore - findNodes - by type": {
    "mean": 0.0011442806277977998,
    "p99": 0.0016829999999572465
  },
  "graph/ContextQL - execute - depth 2 from module root": {
    "mean": 0.010873786769022504,
    "p99": 0.02143000000023676
  },
  "graph/groupNodesByImpact - categorize ~85 nodes": {
    "mean": 0.004836067598413624,
    "p99": 0.009447999999792955
  }
}
