{
  "core/validateConfig - valid config object": {
    "mean": 0.0016051646671696245,
    "p99": 0.0037449999999807915
  },
  "core/validateConfig - invalid config object": {
    "mean": 0.00960462602047674,
    "p99": 0.018066000000089844
  },
  "core/validateCommitMessage - valid conventional commit": {
    "mean": 0.0003830123927469971,
    "p99": 0.00048100000003614696
  },
  "core/validateCommitMessage - invalid commit message": {
    "mean": 0.0005464109411042193,
    "p99": 0.0006310000003395544
  },
  "graph/GraphStore - addNode - single node": {
    "mean": 0.0010209006398999552,
    "p99": 0.0028840000001082444
  },
  "graph/GraphStore - findNodes - by type": {
    "mean": 0.0012551813736194452,
    "p99": 0.0016430000000582368
  },
  "graph/ContextQL - execute - depth 2 from module root": {
    "mean": 0.010540108014671867,
    "p99": 0.02084999999988213
  },
  "graph/groupNodesByImpact - categorize ~85 nodes": {
    "mean": 0.004957925046357612,
    "p99": 0.008131999999932304
  }
}
