{
  "core/validateConfig - valid config object": {
    "mean": 0.001672566648379894,
    "p99": 0.0033960000000092805
  },
  "core/validateConfig - invalid config object": {
    "mean": 0.010158108609970809,
    "p99": 0.02090900000007423
  },
  "core/validateCommitMessage - valid conventional commit": {
    "mean": 0.0004765984012994287,
    "p99": 0.0007819999998446292
  },
  "core/validateCommitMessage - invalid commit message": {
    "mean": 0.0005642444960793649,
    "p99": 0.0008510000002388551
  },
  "graph/GraphStore - addNode - single node": {
    "mean": 0.000996705750787975,
    "p99": 0.002464000000031774
  },
  "graph/GraphStore - findNodes - by type": {
    "mean": 0.001150218603634925,
    "p99": 0.001573000000007596
  },
  "graph/ContextQL - execute - depth 2 from module root": {
    "mean": 0.0110119660177069,
    "p99": 0.02183100000002014
  },
  "graph/groupNodesByImpact - categorize ~85 nodes": {
    "mean": 0.004766459227836052,
    "p99": 0.008245999999871856
  }
}
