{
  "core/validateConfig - valid config object": {
    "mean": 0.0017435301891726741,
    "p99": 0.0032049999999799184
  },
  "core/validateConfig - invalid config object": {
    "mean": 0.010945026354959805,
    "p99": 0.017825000000129876
  },
  "core/validateCommitMessage - valid conventional commit": {
    "mean": 0.0004009060228866782,
    "p99": 0.0007180000002335873
  },
  "core/validateCommitMessage - invalid commit message": {
    "mean": 0.0006340349251392827,
    "p99": 0.0010009999996327679
  },
  "graph/GraphStore - addNode - single node": {
    "mean": 0.0011166250061415178,
    "p99": 0.0023609999999507636
  },
  "graph/GraphStore - findNodes - by type": {
    "mean": 0.001161320537922816,
    "p99": 0.0016250000001036824
  },
  "graph/ContextQL - execute - depth 2 from module root": {
    "mean": 0.011303663652393919,
    "p99": 0.01904899999999543
  },
  "graph/groupNodesByImpact - categorize ~85 nodes": {
    "mean": 0.005195310439417904,
    "p99": 0.0069149999999353895
  }
}
