{
  "core/validateConfig - valid config object": {
    "mean": 0.001707289545929429,
    "p99": 0.0033960000000092805
  },
  "core/validateConfig - invalid config object": {
    "mean": 0.010212567238562769,
    "p99": 0.02088899999989735
  },
  "core/validateCommitMessage - valid conventional commit": {
    "mean": 0.00044541729359159963,
    "p99": 0.00048100000003614696
  },
  "core/validateCommitMessage - invalid commit message": {
    "mean": 0.0005764439725291611,
    "p99": 0.000661000000036438
  },
  "graph/GraphStore - addNode - single node": {
    "mean": 0.0009502725076735403,
    "p99": 0.002464000000031774
  },
  "graph/GraphStore - findNodes - by type": {
    "mean": 0.0011435818106547637,
    "p99": 0.001502000000073167
  },
  "graph/ContextQL - execute - depth 2 from module root": {
    "mean": 0.010639467219916304,
    "p99": 0.021600000000034925
  },
  "graph/groupNodesByImpact - categorize ~85 nodes": {
    "mean": 0.004714087313559792,
    "p99": 0.0058510000003479945
  }
}
