{
  "core/validateConfig - valid config object": {
    "mean": 0.0016639730103899003,
    "p99": 0.003367000000025655
  },
  "core/validateConfig - invalid config object": {
    "mean": 0.010955670895505991,
    "p99": 0.022070999999868945
  },
  "core/validateCommitMessage - valid conventional commit": {
    "mean": 0.00044013318163401056,
    "p99": 0.0004910000002382731
  },
  "core/validateCommitMessage - invalid commit message": {
    "mean": 0.000553137663659541,
    "p99": 0.0006020000000717118
  },
  "graph/GraphStore - addNode - single node": {
    "mean": 0.0010632241759503977,
    "p99": 0.002505000000041946
  },
  "graph/GraphStore - findNodes - by type": {
    "mean": 0.001172817049943302,
    "p99": 0.0016330000000834843
  },
  "graph/ContextQL - execute - depth 2 from module root": {
    "mean": 0.011708568026415355,
    "p99": 0.022591999999804102
  },
  "graph/groupNodesByImpact - categorize ~85 nodes": {
    "mean": 0.005178378961431592,
    "p99": 0.007292999999663152
  }
}
