{
  "core/validateConfig - valid config object": {
    "mean": 0.0012447192940965687,
    "p99": 0.002843999999981861
  },
  "core/validateConfig - invalid config object": {
    "mean": 0.007804231675719539,
    "p99": 0.012538999999833322
  },
  "core/validateCommitMessage - valid conventional commit": {
    "mean": 0.00029428911895764255,
    "p99": 0.00041100000021287997
  },
  "core/validateCommitMessage - invalid commit message": {
    "mean": 0.0004125914686023443,
    "p99": 0.0005110000001877779
  },
  "graph/GraphStore - addNode - single node": {
    "mean": 0.0009269427946934621,
    "p99": 0.002384000000006381
  },
  "graph/GraphStore - findNodes - by type": {
    "mean": 0.0010539978182279393,
    "p99": 0.0014530000000831933
  },
  "graph/ContextQL - execute - depth 2 from module root": {
    "mean": 0.008510205912889441,
    "p99": 0.014362000000346598
  },
  "graph/groupNodesByImpact - categorize ~85 nodes": {
    "mean": 0.004359149108123847,
    "p99": 0.00599000000011074
  }
}
