{
  "core/validateConfig - valid config object": {
    "mean": 0.0015880868300274188,
    "p99": 0.0032260000000405853
  },
  "core/validateConfig - invalid config object": {
    "mean": 0.010527905207082766,
    "p99": 0.0212290000001758
  },
  "core/validateCommitMessage - valid conventional commit": {
    "mean": 0.0004344528805523429,
    "p99": 0.0007510000000365835
  },
  "core/validateCommitMessage - invalid commit message": {
    "mean": 0.0005527339262318512,
    "p99": 0.0006720000001223525
  },
  "graph/GraphStore - addNode - single node": {
    "mean": 0.0010250970093309926,
    "p99": 0.0024349999999913052
  },
  "graph/GraphStore - findNodes - by type": {
    "mean": 0.001158846218919796,
    "p99": 0.0015330000001085864
  },
  "graph/ContextQL - execute - depth 2 from module root": {
    "mean": 0.010651459311491336,
    "p99": 0.02135999999973137
  },
  "graph/groupNodesByImpact - categorize ~85 nodes": {
    "mean": 0.004872812690647609,
    "p99": 0.007694999999785068
  }
}
