{
  "core/validateConfig - valid config object": {
    "mean": 0.001625633235036864,
    "p99": 0.0038160000000289074
  },
  "core/validateConfig - invalid config object": {
    "mean": 0.009759834650894446,
    "p99": 0.017786000000114655
  },
  "core/validateCommitMessage - valid conventional commit": {
    "mean": 0.0003995909508661731,
    "p99": 0.0007209999998849526
  },
  "core/validateCommitMessage - invalid commit message": {
    "mean": 0.0005280304704956904,
    "p99": 0.0006809999999859428
  },
  "graph/GraphStore - addNode - single node": {
    "mean": 0.00114592172896653,
    "p99": 0.00295499999998583
  },
  "graph/GraphStore - findNodes - by type": {
    "mean": 0.0013462603284868464,
    "p99": 0.0019230000000334257
  },
  "graph/ContextQL - execute - depth 2 from module root": {
    "mean": 0.010446544909429506,
    "p99": 0.020600999999714986
  },
  "graph/groupNodesByImpact - categorize ~85 nodes": {
    "mean": 0.005547623595069615,
    "p99": 0.007540999999946507
  }
}
