{
  "core/validateConfig - valid config object": {
    "mean": 0.001643824078061828,
    "p99": 0.003756000000066706
  },
  "core/validateConfig - invalid config object": {
    "mean": 0.010025811938562869,
    "p99": 0.017726000000038766
  },
  "core/validateCommitMessage - valid conventional commit": {
    "mean": 0.0003832497437975405,
    "p99": 0.00048100000003614696
  },
  "core/validateCommitMessage - invalid commit message": {
    "mean": 0.0005479618268156611,
    "p99": 0.0007209999998849526
  },
  "graph/GraphStore - addNode - single node": {
    "mean": 0.0010784380255839945,
    "p99": 0.002943999999956759
  },
  "graph/GraphStore - findNodes - by type": {
    "mean": 0.0013518607352973582,
    "p99": 0.00289399999996931
  },
  "graph/ContextQL - execute - depth 2 from module root": {
    "mean": 0.01045070514589029,
    "p99": 0.020821000000069034
  },
  "graph/groupNodesByImpact - categorize ~85 nodes": {
    "mean": 0.005318287280888364,
    "p99": 0.007720999999946798
  }
}
