{
  "core/validateConfig - valid config object": {
    "mean": 0.00169598007570826,
    "p99": 0.0028869999999869833
  },
  "core/validateConfig - invalid config object": {
    "mean": 0.010323239867863666,
    "p99": 0.017140000000154032
  },
  "core/validateCommitMessage - valid conventional commit": {
    "mean": 0.0004817316602484656,
    "p99": 0.0007259999999860156
  },
  "core/validateCommitMessage - invalid commit message": {
    "mean": 0.0006181341610558945,
    "p99": 0.0009030000001075678
  },
  "graph/GraphStore - addNode - single node": {
    "mean": 0.000980453795140058,
    "p99": 0.0021470000000363143
  },
  "graph/GraphStore - findNodes - by type": {
    "mean": 0.0011237483750617847,
    "p99": 0.0015459999999620777
  },
  "graph/ContextQL - execute - depth 2 from module root": {
    "mean": 0.011380756566668135,
    "p99": 0.019583000000238826
  },
  "graph/groupNodesByImpact - categorize ~85 nodes": {
    "mean": 0.004765768269551694,
    "p99": 0.007784999999785214
  }
}
