{
  "core/validateConfig - valid config object": {
    "mean": 0.001679563875349762,
    "p99": 0.003926000000092245
  },
  "core/validateConfig - invalid config object": {
    "mean": 0.009852280098522077,
    "p99": 0.01756599999998798
  },
  "core/validateCommitMessage - valid conventional commit": {
    "mean": 0.0003837772420249303,
    "p99": 0.0004610000000866421
  },
  "core/validateCommitMessage - invalid commit message": {
    "mean": 0.0005181614610482052,
    "p99": 0.000661000000036438
  },
  "graph/GraphStore - addNode - single node": {
    "mean": 0.0011865888014762037,
    "p99": 0.0030749999999670763
  },
  "graph/GraphStore - findNodes - by type": {
    "mean": 0.0013460839806844543,
    "p99": 0.0019720000000233995
  },
  "graph/ContextQL - execute - depth 2 from module root": {
    "mean": 0.011487494577954041,
    "p99": 0.021633000000292668
  },
  "graph/groupNodesByImpact - categorize ~85 nodes": {
    "mean": 0.005351551401569957,
    "p99": 0.007811999999830732
  }
}
