{
  "core/validateConfig - valid config object": {
    "mean": 0.0015906938876145815,
    "p99": 0.0037360000000035143
  },
  "core/validateConfig - invalid config object": {
    "mean": 0.009527735110552748,
    "p99": 0.01773700000012468
  },
  "core/validateCommitMessage - valid conventional commit": {
    "mean": 0.0003677065973902721,
    "p99": 0.0005109999999604042
  },
  "core/validateCommitMessage - invalid commit message": {
    "mean": 0.0005303416002941846,
    "p99": 0.0006510000002890592
  },
  "graph/GraphStore - addNode - single node": {
    "mean": 0.0010448619175689473,
    "p99": 0.0029039999999440624
  },
  "graph/GraphStore - findNodes - by type": {
    "mean": 0.0012681722275908458,
    "p99": 0.0018420000001242443
  },
  "graph/ContextQL - execute - depth 2 from module root": {
    "mean": 0.011036293228270615,
    "p99": 0.021572999999989406
  },
  "graph/groupNodesByImpact - categorize ~85 nodes": {
    "mean": 0.0054177183660204156,
    "p99": 0.007791999999881227
  }
}
