{
  "core/validateConfig - valid config object": {
    "mean": 0.001625779469671131,
    "p99": 0.00324599999999009
  },
  "core/validateConfig - invalid config object": {
    "mean": 0.010401615123777738,
    "p99": 0.021150000000034197
  },
  "core/validateCommitMessage - valid conventional commit": {
    "mean": 0.0004387049360411495,
    "p99": 0.0004899999998997373
  },
  "core/validateCommitMessage - invalid commit message": {
    "mean": 0.0005440535870507642,
    "p99": 0.0006619999999202264
  },
  "graph/GraphStore - addNode - single node": {
    "mean": 0.0010161572197947973,
    "p99": 0.002425000000016553
  },
  "graph/GraphStore - findNodes - by type": {
    "mean": 0.0011547042622372967,
    "p99": 0.0015229999999064603
  },
  "graph/ContextQL - execute - depth 2 from module root": {
    "mean": 0.01237980316422778,
    "p99": 0.02334400000017922
  },
  "graph/groupNodesByImpact - categorize ~85 nodes": {
    "mean": 0.004730796434890332,
    "p99": 0.005650999999943451
  }
}
