{
  "core/validateConfig - valid config object": {
    "mean": 0.0017600403787597187,
    "p99": 0.0034650000000056025
  },
  "core/validateConfig - invalid config object": {
    "mean": 0.0110496375991692,
    "p99": 0.019419999999854554
  },
  "core/validateCommitMessage - valid conventional commit": {
    "mean": 0.0004184655561154774,
    "p99": 0.0006550000000515865
  },
  "core/validateCommitMessage - invalid commit message": {
    "mean": 0.0006367553229558488,
    "p99": 0.0010309999997843988
  },
  "graph/GraphStore - addNode - single node": {
    "mean": 0.0011239255310540976,
    "p99": 0.0022160000000894797
  },
  "graph/GraphStore - findNodes - by type": {
    "mean": 0.0011448423004886113,
    "p99": 0.001586000000088461
  },
  "graph/ContextQL - execute - depth 2 from module root": {
    "mean": 0.010587645442032247,
    "p99": 0.018104999999650317
  },
  "graph/groupNodesByImpact - categorize ~85 nodes": {
    "mean": 0.005219872134296918,
    "p99": 0.00639599999976781
  }
}
