{
  "core/validateConfig - valid config object": {
    "mean": 0.001775701877625843,
    "p99": 0.004107999999973799
  },
  "core/validateConfig - invalid config object": {
    "mean": 0.010077258963661899,
    "p99": 0.019847000000027037
  },
  "core/validateCommitMessage - valid conventional commit": {
    "mean": 0.00044760346301592343,
    "p99": 0.0006720000001223525
  },
  "core/validateCommitMessage - invalid commit message": {
    "mean": 0.0005510286138108085,
    "p99": 0.0006109999999353022
  },
  "graph/GraphStore - addNode - single node": {
    "mean": 0.0010388993619087105,
    "p99": 0.0024449999999660577
  },
  "graph/GraphStore - findNodes - by type": {
    "mean": 0.0011771281608802427,
    "p99": 0.0019140000001698354
  },
  "graph/ContextQL - execute - depth 2 from module root": {
    "mean": 0.011856662066349727,
    "p99": 0.022091000000273198
  },
  "graph/groupNodesByImpact - categorize ~85 nodes": {
    "mean": 0.004736222298001367,
    "p99": 0.008967000000211556
  }
}
