{
  "core/validateConfig - valid config object": {
    "mean": 0.0016611285045564344,
    "p99": 0.003436000000021977
  },
  "core/validateConfig - invalid config object": {
    "mean": 0.010685169957687146,
    "p99": 0.021240000000034343
  },
  "core/validateCommitMessage - valid conventional commit": {
    "mean": 0.00044923462068889505,
    "p99": 0.0007319999999708671
  },
  "core/validateCommitMessage - invalid commit message": {
    "mean": 0.0005497196398233819,
    "p99": 0.0006210000001374283
  },
  "graph/GraphStore - addNode - single node": {
    "mean": 0.0011094701441865423,
    "p99": 0.002584999999953652
  },
  "graph/GraphStore - findNodes - by type": {
    "mean": 0.00117565131896081,
    "p99": 0.0016740000000936561
  },
  "graph/ContextQL - execute - depth 2 from module root": {
    "mean": 0.01169609017543788,
    "p99": 0.02266299999973853
  },
  "graph/groupNodesByImpact - categorize ~85 nodes": {
    "mean": 0.005250164717123725,
    "p99": 0.007533999999850494
  }
}
