{
  "core/validateConfig - valid config object": {
    "mean": 0.001631238255099249,
    "p99": 0.0032759999999143474
  },
  "core/validateConfig - invalid config object": {
    "mean": 0.010328321104707407,
    "p99": 0.021289999999908105
  },
  "core/validateCommitMessage - valid conventional commit": {
    "mean": 0.00045607179479684076,
    "p99": 0.0004910000002382731
  },
  "core/validateCommitMessage - invalid commit message": {
    "mean": 0.0005564782539498952,
    "p99": 0.0006210000001374283
  },
  "graph/GraphStore - addNode - single node": {
    "mean": 0.0010812448235520964,
    "p99": 0.0025150000000166983
  },
  "graph/GraphStore - findNodes - by type": {
    "mean": 0.0011574149278469723,
    "p99": 0.0016229999998813582
  },
  "graph/ContextQL - execute - depth 2 from module root": {
    "mean": 0.01084459048713853,
    "p99": 0.021771000000171625
  },
  "graph/groupNodesByImpact - categorize ~85 nodes": {
    "mean": 0.005027555413666727,
    "p99": 0.009528000000045722
  }
}
