{
  "core/validateConfig - valid config object": {
    "mean": 0.0016631397765411147,
    "p99": 0.003776000000016211
  },
  "core/validateConfig - invalid config object": {
    "mean": 0.010236089859160682,
    "p99": 0.018308000000160973
  },
  "core/validateCommitMessage - valid conventional commit": {
    "mean": 0.00039571344974144695,
    "p99": 0.0007510000000365835
  },
  "core/validateCommitMessage - invalid commit message": {
    "mean": 0.0005560255715938625,
    "p99": 0.0007609999997839623
  },
  "graph/GraphStore - addNode - single node": {
    "mean": 0.00116739844689394,
    "p99": 0.0031150000000934597
  },
  "graph/GraphStore - findNodes - by type": {
    "mean": 0.0013570933597515193,
    "p99": 0.001952999999957683
  },
  "graph/ContextQL - execute - depth 2 from module root": {
    "mean": 0.011359466319832671,
    "p99": 0.021682999999939057
  },
  "graph/groupNodesByImpact - categorize ~85 nodes": {
    "mean": 0.005618894612635576,
    "p99": 0.00832300000001851
  }
}
