{
  "core/validateConfig - valid config object": {
    "mean": 0.0005180511264500385,
    "p99": 0.0007920000000467553
  },
  "core/validateConfig - invalid config object": {
    "mean": 0.0033038740104927434,
    "p99": 0.004042000000026746
  },
  "core/validateCommitMessage - valid conventional commit": {
    "mean": 0.00011795825150960712,
    "p99": 0.00020799999992959783
  },
  "core/validateCommitMessage - invalid commit message": {
    "mean": 0.00018428740241049102,
    "p99": 0.00029100000028847717
  },
  "graph/GraphStore - addNode - single node": {
    "mean": 0.0006052611144064571,
    "p99": 0.001167000000009466
  },
  "graph/GraphStore - findNodes - by type": {
    "mean": 0.0006032477887958261,
    "p99": 0.0018749999999272404
  },
  "graph/ContextQL - execute - depth 2 from module root": {
    "mean": 0.004621349686674134,
    "p99": 0.006124999999883585
  },
  "graph/groupNodesByImpact - categorize ~85 nodes": {
    "mean": 0.0020765288533023613,
    "p99": 0.0027079999999841675
  }
}
