{
  "core/validateConfig - valid config object": {
    "mean": 0.001707285727456072,
    "p99": 0.0038759999999911088
  },
  "core/validateConfig - invalid config object": {
    "mean": 0.009518692036779663,
    "p99": 0.017927000000099724
  },
  "core/validateCommitMessage - valid conventional commit": {
    "mean": 0.0003967472237629351,
    "p99": 0.0005409999998846615
  },
  "core/validateCommitMessage - invalid commit message": {
    "mean": 0.0005379370882765265,
    "p99": 0.000630999999884807
  },
  "graph/GraphStore - addNode - single node": {
    "mean": 0.000997885728256168,
    "p99": 0.002844000000095548
  },
  "graph/GraphStore - findNodes - by type": {
    "mean": 0.0012452079593563202,
    "p99": 0.0017329999998310086
  },
  "graph/ContextQL - execute - depth 2 from module root": {
    "mean": 0.01024782996864182,
    "p99": 0.02036099999986618
  },
  "graph/groupNodesByImpact - categorize ~85 nodes": {
    "mean": 0.005094832869705776,
    "p99": 0.00607899999977235
  }
}
