{
  "core/validateConfig - valid config object": {
    "mean": 0.0013340622471958025,
    "p99": 0.003244999999992615
  },
  "core/validateConfig - invalid config object": {
    "mean": 0.0074159986651240115,
    "p99": 0.012398999999959415
  },
  "core/validateCommitMessage - valid conventional commit": {
    "mean": 0.00028498391379803913,
    "p99": 0.0003600000000005821
  },
  "core/validateCommitMessage - invalid commit message": {
    "mean": 0.0004070283446324241,
    "p99": 0.0005200000000513683
  },
  "graph/GraphStore - addNode - single node": {
    "mean": 0.000899207473842081,
    "p99": 0.0023740000000316286
  },
  "graph/GraphStore - findNodes - by type": {
    "mean": 0.0009906568466223724,
    "p99": 0.0013219999998455023
  },
  "graph/ContextQL - execute - depth 2 from module root": {
    "mean": 0.008452562041451476,
    "p99": 0.013439999999718566
  },
  "graph/groupNodesByImpact - categorize ~85 nodes": {
    "mean": 0.004071738489225949,
    "p99": 0.005608999999822117
  }
}
