{
  "core/validateConfig - valid config object": {
    "mean": 0.0016757693375026507,
    "p99": 0.00338699999997516
  },
  "core/validateConfig - invalid config object": {
    "mean": 0.010109037645821335,
    "p99": 0.02063899999984642
  },
  "core/validateCommitMessage - valid conventional commit": {
    "mean": 0.0003828016798848481,
    "p99": 0.0004799999999249849
  },
  "core/validateCommitMessage - invalid commit message": {
    "mean": 0.0005537092771767438,
    "p99": 0.0006209999996826809
  },
  "graph/GraphStore - addNode - single node": {
    "mean": 0.0011109295095261971,
    "p99": 0.0025650000000041473
  },
  "graph/GraphStore - findNodes - by type": {
    "mean": 0.0011723429777936091,
    "p99": 0.001672999999982494
  },
  "graph/ContextQL - execute - depth 2 from module root": {
    "mean": 0.011614164734849847,
    "p99": 0.022793000000092434
  },
  "graph/groupNodesByImpact - categorize ~85 nodes": {
    "mean": 0.004915840874232428,
    "p99": 0.006733000000167522
  }
}
